email, senha
0.9034571991585829@mail.com,user123
0.23204907263702035@mail.com,user123
0.9876071854530343@mail.com,user123
0.5319430817254485@mail.com,user123
0.79369294907871@mail.com,user123
0.3031743379749836@mail.com,user123
0.5769188001075812@mail.com,user123
0.7670608454268946@mail.com,user123
0.34904755736259324@mail.com,user123
0.980979462796978@mail.com,user123
0.6801473752386376@mail.com, user123
0.6769161463839272@mail.com, user123
0.9651055939145053@mail.com, user1233
0.11759286035989584@mail.com, user12
0.5677512340251711@mail.com, user123
0.6943378100413399@mail.com, user123


